;Description;Full_Url;Item_Id;Json_Url;Price;Url;brand_x;obem_x;sostav_x;srok-hraneniya-maks_x;brand_y;obem_y;sostav_y;srok-hraneniya-maks_y;proizvoditel;ves
0;Молоко Parmalat Natura Premium ультрапастеризованное 3.5% 1л;https://www.perekrestok.ru/catalog/moloko-syr-yaytsa/moloko/parmal-moloko-pit-ulster-3-5-1l--306634;306634.0;http://www.perekrestok.ru/product/306634/preview-html;84,9;;;;;;Parmalat;1000;Нормализованное молоко;210;;
1;Молоко Домик в деревне ультрапастеризованное 3.2% 925мл;https://www.perekrestok.ru/catalog/moloko-syr-yaytsa/moloko/dom-v-der-moloko-ster-3-2-950g--309202;309202.0;http://www.perekrestok.ru/product/309202/preview-html;93,9;;;;;;Домик в деревне;925;Молоко нормализованное;270;;
2;Молоко Parmalat Natura Premium Low Lactose ультрапастеризованное 1.8% 1л;https://www.perekrestok.ru/catalog/moloko-syr-yaytsa/moloko/parmal-moloko-ulpast-nizkolakt-1-8-1l--306655;306655.0;http://www.perekrestok.ru/product/306655/preview-html;104,9;;;;;;Parmalat;1000;Нормализованное молоко;180;;
3;Молоко Село Зеленое ультрапастеризованное 3.2% 950мл;https://www.perekrestok.ru/catalog/moloko-syr-yaytsa/moloko/sel-zel-moloko-ulpast-3-2-950ml--308047;308047.0;http://www.perekrestok.ru/product/308047/preview-html;79,9;;;;;;Село Зеленое;950;Молоко цельное, молоко обезжиренное;180;;
4;Молоко Простоквашино Отборное пастеризованное 3.4-4.5% 930мл;https://www.perekrestok.ru/catalog/moloko-syr-yaytsa/moloko/prostokv-moloko-otb-past-3-4-4-5-930ml--308820;308820.0;http://www.perekrestok.ru/product/308820/preview-html;54,9;;;;;;Простоквашино;930;Цельное молоко;12;;
5;Молоко Белый город ультрапастеризованное 3.2% 1л;https://www.perekrestok.ru/catalog/moloko-syr-yaytsa/moloko/bel-gorod-moloko-ulpast-3-2-1l--305572;305572.0;http://www.perekrestok.ru/product/305572/preview-html;72,9;;;;;;Белый город;1000;Нормализованное молоко;240;;
6;Молоко Простоквашино пастеризованное 2.5% 930мл;https://www.perekrestok.ru/catalog/moloko-syr-yaytsa/moloko/prostokv-moloko-past-2-5-930ml--308821;308821.0;http://www.perekrestok.ru/product/308821/preview-html;77,9;;;;;;Простоквашино;930;Молоко нормализованное;12;;
7;Молоко Parmalat Natura Premium ультрапастеризованное 0.5% 1л;https://www.perekrestok.ru/catalog/moloko-syr-yaytsa/moloko/parmal-moloko-pit-ulpast-0-5-1l--313412;313412.0;http://www.perekrestok.ru/product/313412/preview-html;81,9;;;;;;Parmalat;1000;Нормализованное молоко;210;;
8;Молоко Домик в деревне Отборное пастеризованное 3.5-4.5% 930мл;https://www.perekrestok.ru/catalog/moloko-syr-yaytsa/moloko/dom-v-der-moloko-der-otb-3-5-4-5-930ml--310789;310789.0;http://www.perekrestok.ru/product/310789/preview-html;85,9;;;;;;Домик в деревне;930;Молоко цельное;15;;
9;Молоко Село Зеленое ультрапастеризованное 2.5% 950мл;https://www.perekrestok.ru/catalog/moloko-syr-yaytsa/moloko/sel-zel-moloko-ulpast-2-5-950ml--308046;308046.0;http://www.perekrestok.ru/product/308046/preview-html;;;;;;;Село Зеленое;950;Молоко цельное, молоко обезжиренное;180;;
10;Молоко детское Агуша ультрапастеризованное 3.2% 925мл;https://www.perekrestok.ru/catalog/moloko-syr-yaytsa/moloko/agusha-moloko-ulpast-dd-ot-3l-3-2925ml--418619;418619.0;http://www.perekrestok.ru/product/418619/preview-html;79,9;;;;;;Агуша;925;Молоко нормализованное;180;;
11;Молоко Авида ультрапастеризованное 2.5% 1л;https://www.perekrestok.ru/catalog/moloko-syr-yaytsa/moloko/avida-moloko-ulpast-2-5-tet-br-1l--514514;514514.0;http://www.perekrestok.ru/product/514514/preview-html;69,9;;;;;;Авида;1000;Изготовлен из нормализованного молока;180;;
12;Молоко Домик в деревне ультрапастеризованное 2.5% 925мл;https://www.perekrestok.ru/catalog/moloko-syr-yaytsa/moloko/dom-v-der-moloko-ster-2-5-950g--310778;310778.0;http://www.perekrestok.ru/product/310778/preview-html;93,9;;;;;;Домик в деревне;925;Молоко нормализованное;270;;
13;Молоко Valio Eila Zero Lactose ультрапастеризованное безлактозное 1.5% 1л;https://www.perekrestok.ru/catalog/moloko-syr-yaytsa/moloko/val-mol-zero-lactose-1-5-1l--427624;427624.0;http://www.perekrestok.ru/product/427624/preview-html;199;;;;;;;1000;Нормализированное молоко, витамин D;120;Valio;
14;Молоко 36 Копеек ультрапастеризованное 3.2% 970 мл;https://www.perekrestok.ru/catalog/moloko-syr-yaytsa/moloko/36-kop-moloko-ulpast-3-2-tp-970ml--430594;430594.0;http://www.perekrestok.ru/product/430594/preview-html;79,9;;;;;;36 Копеек;970;Молоко нормализованное по содержанию жира;180;;
15;Молоко Домик в деревне ультрапастеризованное 1.5% 924мл;https://www.perekrestok.ru/catalog/moloko-syr-yaytsa/moloko/dom-v-der-moloko-ster-1-5-950g--309201;309201.0;http://www.perekrestok.ru/product/309201/preview-html;91,9;;;;;;Домик в деревне;924;Молоко нормализованное;270;;
16;Молоко Асеньевская ферма пастеризованное 2.5% 900мл;https://www.perekrestok.ru/catalog/moloko-syr-yaytsa/moloko/asenev-ferma-moloko-past-2-5-pet-900ml--306844;306844.0;http://www.perekrestok.ru/product/306844/preview-html;95,9;;;;;;Асеньевская Ферма;900;Цельное молоко, обезжиренное молоко;10;;
17;Молоко детское Тема 3.2% ультрапастеризованное 500мл;https://www.perekrestok.ru/catalog/moloko-syr-yaytsa/moloko/tema-moloko-ulpast-detskoe-3-2-500ml--306127;306127.0;http://www.perekrestok.ru/product/306127/preview-html;49,9;;;;;;Тема;500;Нормализованное молоко;180;;
18;Молоко Valio ультрапастеризованное 1.5% 973мл;https://www.perekrestok.ru/catalog/moloko-syr-yaytsa/moloko/valio-moloko-uht-1-5-1kg--306331;306331.0;http://www.perekrestok.ru/product/306331/preview-html;104,9;;;;;;;973;Обезжиренное молоко, цельное молоко;120;Valio;
19;Молоко ПРОСТО ультрапастеризованное 3.2% 970мл;https://www.perekrestok.ru/catalog/moloko-syr-yaytsa/moloko/prst-moloko-pit-ultrap-3-2-970ml--306110;306110.0;http://www.perekrestok.ru/product/306110/preview-html;48,9;;;;;;ПРОСТО;970;Молоко нормализованное;180;;
20;Молоко Можайское стерилизованное 2.5% 450мл;https://www.perekrestok.ru/catalog/moloko-syr-yaytsa/moloko/mojayskoe-moloko-ster-2-5-0-45l--307123;307123.0;http://www.perekrestok.ru/product/307123/preview-html;79,9;;;;;;;450;Молоко нормализованное;180;Можайское;
21;Молоко Искренне Ваш пастеризованное 1.5% 930г;https://www.perekrestok.ru/catalog/moloko-syr-yaytsa/moloko/is-v-molok-past-1-5-930g--435047;435047.0;http://www.perekrestok.ru/product/435047/preview-html;49,9;;;;;;Искренне Ваш;930;Цельное молоко, обезжиренное молоко;15;;
22;Молоко Семейное дело пастеризованное 3.2% 900мл;https://www.perekrestok.ru/catalog/moloko-syr-yaytsa/moloko/sem-delo-moloko-past-3-2-900ml--482993;482993.0;http://www.perekrestok.ru/product/482993/preview-html;93,9;;;;;;Семейное дело;900;Молоко цельное, молоко обезжиренное;9;;
23;Молоко Сарафаново ультрапастеризованное 1.5% 970мл;https://www.perekrestok.ru/catalog/moloko-syr-yaytsa/moloko/saraf-mol-ulpast-det-1-5970ml--438833;438833.0;http://www.perekrestok.ru/product/438833/preview-html;69,9;;;;;;Сарафаново;970;Нормализованное молоко;270;;
24;Молоко Углече Поле пастеризованное 3.5-5.2% 1л;https://www.perekrestok.ru/catalog/moloko-syr-yaytsa/moloko/ugl-pole-moloko-tsel-past-3-5-5-2-1l--465706;465706.0;http://www.perekrestok.ru/product/465706/preview-html;131,9;;;;;;Углече Поле;1000;Цельное органическое молоко;9;;
25;Молоко Веселый молочник Отборное пастеризованное 3.5-4.5% 930мл;https://www.perekrestok.ru/catalog/moloko-syr-yaytsa/moloko/ves-molochnik-moloko-otb-3-5-4-5-930ml--308191;308191.0;http://www.perekrestok.ru/product/308191/preview-html;79,9;;;;;;Веселый Молочник;930;Молоко цельное;15;;
26;Молоко Простоквашино пастеризованное 1.5% 930мл;https://www.perekrestok.ru/catalog/moloko-syr-yaytsa/moloko/prostokv-moloko-pit-past-1-5-930ml--408682;408682.0;http://www.perekrestok.ru/product/408682/preview-html;74,9;;;;;;Простоквашино;930;Молоко нормализованное;12;;
27;Молоко Правильное Молоко пастеризованное 2.5% 2л;https://www.perekrestok.ru/catalog/moloko-syr-yaytsa/moloko/pr-mol-moloko-past-2-5-2l--652982;652982.0;http://www.perekrestok.ru/product/652982/preview-html;175;;;;;;Правильное Молоко;2000;Нормализованное молоко;26;;
28;Молоко ВкусВилл 2.5% 450г;https://www.perekrestok.ru/catalog/moloko-syr-yaytsa/moloko/bzmj-vkusvill-moloko-2-5-450g--720835;720835.0;http://www.perekrestok.ru/product/720835/preview-html;37;;;;;;ВкусВилл;;Молоко цельное, молоко обезжиренное;6;;450
29;Молоко Parmalat Natura Premium Low Lactose ультрапастеризованное 3.5% 1л;https://www.perekrestok.ru/catalog/moloko-syr-yaytsa/moloko/parmal-moloko-ulpast-nizkolakt-3-5-1l--314022;314022.0;http://www.perekrestok.ru/product/314022/preview-html;99,9;;;;;;Parmalat;1000;Нормализованное молоко;180;;
30;Молоко Углече Поле пастеризованное 2.5% 1кг;https://www.perekrestok.ru/catalog/moloko-syr-yaytsa/moloko/ugleche-pole-moloko-past-2-5-1l--310267;310267.0;http://www.perekrestok.ru/product/310267/preview-html;135;;;;;;Углече Поле;;Изготовлено из нормализованного пастеризованного молока;10;;1000
31;Молоко Углече Поле пастеризованное 3.5-5.2% 500мл;https://www.perekrestok.ru/catalog/moloko-syr-yaytsa/moloko/ugl-pole-mol-past-3-5-5-2-0-5l--416497;416497.0;http://www.perekrestok.ru/product/416497/preview-html;73,9;;;;;;Углече Поле;500;Цельное молоко;10;;
32;Молоко Parmalat ультрапастеризованное 1.8% 200мл;https://www.perekrestok.ru/catalog/moloko-syr-yaytsa/moloko/moloko-parmalat-ster-1-8-0-2l--340221;340221.0;http://www.perekrestok.ru/product/340221/preview-html;27,9;;;;;;Parmalat;200;Нормализованное молоко;180;;
33;Молоко Arla Natura ультрапастеризованное безлактозное 1.5% 1л;https://www.perekrestok.ru/catalog/moloko-syr-yaytsa/moloko/a-n-mol-ulpast-bl-esl-1-5-1l--379178;379178.0;http://www.perekrestok.ru/product/379178/preview-html;175;;;;;;Arla Natura;1000;Нормализованное молоко;180;;
34;Молоко ПРОСТО ультрапастеризованное 1.5% 970мл;https://www.perekrestok.ru/catalog/moloko-syr-yaytsa/moloko/prst-moloko-pit-ulpast-1-5-970ml--306112;306112.0;http://www.perekrestok.ru/product/306112/preview-html;47,9;;;;;;ПРОСТО;970;Молоко, нормализованное по содержанию жира;180;;
35;Молоко Распак цельное сухое 150г;https://www.perekrestok.ru/catalog/makarony-krupy-spetsii/suhie-komponenty-i-smesi/raspak-moloko-tsel-suh-150g--306487;306487.0;http://www.perekrestok.ru/product/306487/preview-html;145;;;;;;;;Сухое молоко 26%;1;Распак;150
36;Молоко Сарафаново ультрапастеризованное 2.5% 970мл;https://www.perekrestok.ru/catalog/moloko-syr-yaytsa/moloko/saraf-mol-ulpast-det-2-5970ml--438832;438832.0;http://www.perekrestok.ru/product/438832/preview-html;73,9;;;;;;Сарафаново;970;Нормализованное молоко;270;;
37;Молоко Домик в деревне ультрапастеризованное 6% 928мл;https://www.perekrestok.ru/catalog/moloko-syr-yaytsa/moloko/dom-v-der-moloko-6-950g--306296;306296.0;http://www.perekrestok.ru/product/306296/preview-html;129;;;;;;Домик в деревне;928;Молоко цельное, сливки;180;;
38;Молоко Вкуснотеево ультрапастеризованное 2.5% 900мл;https://www.perekrestok.ru/catalog/moloko-syr-yaytsa/moloko/vkusnot-moloko-ulpast-2-5-pet-900g--306724;306724.0;http://www.perekrestok.ru/product/306724/preview-html;89,9;;;;;;Вкуснотеево;900;Молоко цельное, молоко обезжиренное;120;;
39;Молоко Рузское цельное пастеризованное 3.2-4% 250мл;https://www.perekrestok.ru/catalog/moloko-syr-yaytsa/moloko/ruz-mol-moloko-3-2-4-250g--317945;317945.0;http://www.perekrestok.ru/product/317945/preview-html;47,9;;;;;;;250;Молоко цельное;9;Рузское молоко;
40;Молоко детское Агуша витаминизированное стерилизованное 2.5% 200мл;https://www.perekrestok.ru/catalog/moloko-syr-yaytsa/moloko/agusha-moloko-detskoe-vitamin-2-5-0-2l--306990;306990.0;http://www.perekrestok.ru/product/306990/preview-html;29,9;;;;;;Агуша;200;Молоко нормализованное, витаминно-минеральный премикс;90;;
41;Молоко Белый город ультрапастеризованное 2.5% 1л;https://www.perekrestok.ru/catalog/moloko-syr-yaytsa/moloko/bel-gorod-moloko-pit-ulpast-2-5-1l--306704;306704.0;http://www.perekrestok.ru/product/306704/preview-html;69,9;;;;;;Белый город;1000;Нормализованное молоко;270;;
42;Молоко Parmalat Natura Premium Low Lactose ультрапастеризованное 0.05% 1л;https://www.perekrestok.ru/catalog/moloko-syr-yaytsa/moloko/parm-moloko-nlakt-uht-0-05-1l--443947;443947.0;http://www.perekrestok.ru/product/443947/preview-html;90,9;;;;;;Parmalat;1000;Обезжиренное молоко;180;;
43;Молоко Parmalat Natura Premium ультрапастеризованное 1.8% 1л;https://www.perekrestok.ru/catalog/moloko-syr-yaytsa/moloko/parmal-moloko-1-8-ster-1l--306635;306635.0;http://www.perekrestok.ru/product/306635/preview-html;85,9;;;;;;Parmalat;1000;Нормализованное молоко;210;;
44;Молоко Петмол для Капучино ультрапастеризованное 3.2% 950мл;https://www.perekrestok.ru/catalog/moloko-syr-yaytsa/moloko/petmol-mol-ulp-3-2-tva-950ml--430755;430755.0;http://www.perekrestok.ru/product/430755/preview-html;81,9;;;;;;Петмол;950;Нормализованное молоко, концентраты сывороточных и молочного белков;120;;
45;Молоко Простоквашино ультрапастеризованное 2.5% 950мл;https://www.perekrestok.ru/catalog/moloko-syr-yaytsa/moloko/prostokv-moloko-ster-2-5-950ml--309553;309553.0;http://www.perekrestok.ru/product/309553/preview-html;88,9;;;;;;Простоквашино;950;Нормализованное молоко;270;;
46;Молоко Село Зеленое Козье ультрапастеризованное 2.8-5.6% 487мл;https://www.perekrestok.ru/catalog/moloko-syr-yaytsa/moloko/selo-zel-moloko-koz-tsel-2-8-5-6-487ml--310365;310365.0;http://www.perekrestok.ru/product/310365/preview-html;135,9;;;;;;Село Зеленое;487;Молоко козье цельное;180;;
47;Молоко Из Углича пастеризованное 3.2% 1кг;https://www.perekrestok.ru/catalog/moloko-syr-yaytsa/moloko/iz-uglicha-moloko-pitevoe-past-3-2-1l--452304;452304.0;http://www.perekrestok.ru/product/452304/preview-html;64,9;;;;;;;;Изготовлено из нормализованного пастеризованного молока;9;АгриВолга;1000
48;Молоко козье G-balance пастеризованное 3.5-4.8% 310мл;https://www.perekrestok.ru/catalog/moloko-syr-yaytsa/moloko/g-bal-mol-koz-ts-p-3-5-4-8310ml--396474;396474.0;http://www.perekrestok.ru/product/396474/preview-html;126,9;;;;;;G-balance;310;Молоко козье натуральное (нормализованное, стерилизованное);90;;
49;Молоко Сарафаново ультрапастеризованное 3.2% 970мл;https://www.perekrestok.ru/catalog/moloko-syr-yaytsa/moloko/saraf-mol-ulpast-det-3-2970ml--438831;438831.0;http://www.perekrestok.ru/product/438831/preview-html;77,9;;;;;;Сарафаново;970;Нормализованное молоко;273;;
50;Молоко ПРОСТО ультрапастеризованное 2.5% 970мл;https://www.perekrestok.ru/catalog/moloko-syr-yaytsa/moloko/prst-moloko-pit-ultrap-2-5-970ml--306111;306111.0;http://www.perekrestok.ru/product/306111/preview-html;46,8;;;;;;ПРОСТО;970;Молоко нормализованное по содержанию жира;180;;
51;Молоко М Лианозовское ультрапастеризованное 3.2% 925мл;https://www.perekrestok.ru/catalog/moloko-syr-yaytsa/moloko/m-moloko-ster-3-2-950g--306293;306293.0;http://www.perekrestok.ru/product/306293/preview-html;49,9;;;;;;М Лианозовское;925;Молоко нормализованное;270;;
52;Молоко Latter Безлактозное ультрапастеризованное 1.5% 1л;https://www.perekrestok.ru/catalog/moloko-syr-yaytsa/moloko/latter-mol-blakt-ulp-1000ml--524338;524338.0;http://www.perekrestok.ru/product/524338/preview-html;87,9;;;;;;Latter;1000;Молоко нормализованное по содержанию жира, ферментный препарат микробиального происхождения расщепляющий лактозу;120;;
53;Молоко Братья Чебурашкины пастеризованное 3.6-4.6% 1л;https://www.perekrestok.ru/catalog/moloko-syr-yaytsa/moloko/brat-cheb-moloko-past-pit-tsel-3-6-4-6-1l--310462;310462.0;http://www.perekrestok.ru/product/310462/preview-html;135;;;;;;;1000;Молоко цельное;8;Братья Чебурашкины;
54;Молоко детское Агуша с витаминами стерилизованное 3.2% 487мл;https://www.perekrestok.ru/catalog/moloko-syr-yaytsa/moloko/agusha-moloko-detskoe-3-2-500g--307007;307007.0;http://www.perekrestok.ru/product/307007/preview-html;51,9;;;;;;Агуша;487;Молоко цельное, молоко обезжиренное, витаминный премикс;180;;
55;Молоко Искренне Ваш пастеризованное 3.2% 930г;https://www.perekrestok.ru/catalog/moloko-syr-yaytsa/moloko/iskr-vash-mol-pit-past-3-2-930g--435160;435160.0;http://www.perekrestok.ru/product/435160/preview-html;87,9;;;;;;Искренне Ваш;930;Цельное молоко, обезжиренное молоко;15;;
56;Молоко Простоквашино ультрапастеризованное 3.2% 950мл;https://www.perekrestok.ru/catalog/moloko-syr-yaytsa/moloko/prostokv-moloko-ulpast-3-2-950ml--308830;308830.0;http://www.perekrestok.ru/product/308830/preview-html;95,9;;;;;;Простоквашино;950;Нормализованное молоко;248;;
57;Молоко Асеньевская ферма пастеризованное 3.4-6% 900мл;https://www.perekrestok.ru/catalog/moloko-syr-yaytsa/moloko/asen-ferma-moloko-past-3-4-6-pet-900ml--306843;306843.0;http://www.perekrestok.ru/product/306843/preview-html;85,9;;;;;;Асеньевская Ферма;900;Молоко коровье цельное;10;;
58;Молоко Свитлогорье ультрапастеризованное 3.2% 1л;https://www.perekrestok.ru/catalog/moloko-syr-yaytsa/moloko/cvitlog-moloko-pit-ulpast-3-2-1000l--306865;306865.0;http://www.perekrestok.ru/product/306865/preview-html;83,9;;;;;;Свитлогорье;1000;Обезжиренное молоко, сливки;180;;
59;Молоко Маруся отборное пастеризованное 3.5-4.5% 930мл;https://www.perekrestok.ru/catalog/moloko-syr-yaytsa/moloko/moloko-otbornoe-3-5-4-5-930ml--433969;433969.0;http://www.perekrestok.ru/product/433969/preview-html;67,9;;;;;;Маруся;930;Молоко цельное;7;;
60;Молоко Маркет Зеленая линия Российское пастеризованное 3.2% 1л;https://www.perekrestok.ru/catalog/moloko-syr-yaytsa/moloko/z-lin-moloko-ross-past-3-2-1l--544676;544676.0;http://www.perekrestok.ru/product/544676/preview-html;50;;;;;;Маркет Зеленая линия;1000;Молоко цельное, молоко обезжиренное;5;;
61;Молоко Афанасий Живое пастеризованное 3.2% 900мл;https://www.perekrestok.ru/catalog/moloko-syr-yaytsa/moloko/afanasiy-moloko-pit-past-3-2-0-9l--310336;310336.0;http://www.perekrestok.ru/product/310336/preview-html;75,9;;;;;;;900;Молоко обезжиренное, молоко цельное;10;Афанасий;
62;Молоко Экомилк пастеризованное 3.2% 1.5л;https://www.perekrestok.ru/catalog/moloko-syr-yaytsa/moloko/ekomilk-moloko-past-3-2-1500ml--435657;435657.0;http://www.perekrestok.ru/product/435657/preview-html;96,9;;;;;;Экомилк;1500;Цельное молоко, обезжиренное молоко;20;;
63;Молоко ВкусВилл 3.2-6% 900мл;https://www.perekrestok.ru/catalog/moloko-syr-yaytsa/moloko/bzmj-vkvimol-tsel-but3-5-6-0-9l--720832;720832.0;http://www.perekrestok.ru/product/720832/preview-html;59;;;;;;ВкусВилл;900;Молоко цельное;6;;
64;Молоко Братья Чебурашкины пастеризованное безлактозное 3.6-4.6% 500мл;https://www.perekrestok.ru/catalog/moloko-syr-yaytsa/moloko/brat-cheburash-moloko-blakt-3-6-4-6-0-5l--316462;316462.0;http://www.perekrestok.ru/product/316462/preview-html;94,9;;;;;;;500;молоко цельное, с использованием ферментного препарата Биолактаза;8;Братья Чебурашкины;
65;Молоко Искренне Ваш пастеризованное 3.4-6% 930г;https://www.perekrestok.ru/catalog/moloko-syr-yaytsa/moloko/is-v-molok-past-3-4-6-930g--435046;435046.0;http://www.perekrestok.ru/product/435046/preview-html;79,9;;;;;;Искренне Ваш;930;Цельное молоко;15;;
66;Молоко Рузское цельное пастеризованное 3.2-4% 1кг;https://www.perekrestok.ru/catalog/moloko-syr-yaytsa/moloko/ruz-mol-moloko-ruzskoe-tsel-3-2-4-1000g--307139;307139.0;http://www.perekrestok.ru/product/307139/preview-html;145;;;;;;;;Молоко цельное;10;Рузское молоко;1000
67;Молоко Домик в деревне ультрапастеризованное 3.5% 200мл;https://www.perekrestok.ru/catalog/moloko-syr-yaytsa/moloko/dom-v-der-moloko-3-5-tp-200g--306294;306294.0;http://www.perekrestok.ru/product/306294/preview-html;31,9;;;;;;Домик в деревне;200;Молоко цельное, сливки;180;;
68;Молоко Правильное Молоко пастеризованное 3.2-4% 2л;https://www.perekrestok.ru/catalog/moloko-syr-yaytsa/moloko/prav-mol-moloko-past-3-2-4-pet-2l--310201;310201.0;http://www.perekrestok.ru/product/310201/preview-html;161,9;;;;;;Правильное Молоко;2000;Цельное молоко;25;;
69;Молоко фермерское коровье от Михаила Понарского пастеризованное 3.2-4% 1л;https://www.perekrestok.ru/catalog/moloko-syr-yaytsa/moloko/moloko-tsel-pit-past-3-2-4-1kg--468066;468066.0;http://www.perekrestok.ru/product/468066/preview-html;87,90  /кг;;;;;;;1000;Молоко коровье пастеризованное;6;ИП Понарский М.Б.;
70;Молоко Правильное Молоко пастеризованное 3.2-4% 900мл;https://www.perekrestok.ru/catalog/moloko-syr-yaytsa/moloko/prav-mol-moloko-past-3-2-4-pet-0-9l--310202;310202.0;http://www.perekrestok.ru/product/310202/preview-html;109,9;;;;;;Правильное Молоко;900;Цельное молоко;25;;
71;Молоко Село Зеленое ультрапастеризованное 1.5% 950мл;https://www.perekrestok.ru/catalog/moloko-syr-yaytsa/moloko/sel-zel-moloko-ulpast-1-5-950ml--317947;317947.0;http://www.perekrestok.ru/product/317947/preview-html;54,9;;;;;;Село Зеленое;950;Молоко обезжиренное, молоко цельное;180;;
72;Молоко Parmalat Natura Premium Dietalat ультрапастеризованное 0.5% 1л;https://www.perekrestok.ru/catalog/moloko-syr-yaytsa/moloko/parmal-moloko-diet-pit-ulpast-vit0-51l--313671;313671.0;http://www.perekrestok.ru/product/313671/preview-html;84,9;;;;;;Parmalat;1000;Нормализованное молоко, витаминный комплекс (А, Д3, Е);120;;
73;Молоко Сарафаново Отборное пастеризованное 3.4-4% 930мл;https://www.perekrestok.ru/catalog/moloko-syr-yaytsa/moloko/sarafan-moloko-otb-past-det-3-4-4-930ml--330541;330541.0;http://www.perekrestok.ru/product/330541/preview-html;68,9;;;;;;Сарафаново;930;Цельное молоко;21;;
74;Молоко Valio ультрапастеризованное 0.05% 971мл;https://www.perekrestok.ru/catalog/moloko-syr-yaytsa/moloko/val-mol-pit-0-1kg--501741;501741.0;http://www.perekrestok.ru/product/501741/preview-html;94,9;;;;;;;971;Обезжиренное молоко;120;Valio;
75;Молоко Valio ультрапастеризованное 3.2% 973л;https://www.perekrestok.ru/catalog/moloko-syr-yaytsa/moloko/valio-moloko-uht-3-2-1kg--306332;306332.0;http://www.perekrestok.ru/product/306332/preview-html;114,9;;;;;;;973;Цельное молоко, обезжиренное молоко;120;Valio;
76;Молоко Брест-Литовск ультрапастеризованное 3.6% 1л;https://www.perekrestok.ru/catalog/moloko-syr-yaytsa/moloko/sav-prod-moloko-brest-lit-ulpast3-6-1l--311124;311124.0;http://www.perekrestok.ru/product/311124/preview-html;79,9;;;;;;Брест-Литовск;1000;Изготовлен из молока нормализованного;15;;
77;Молоко Правильное Молоко пастеризованное 1.5% 900мл;https://www.perekrestok.ru/catalog/moloko-syr-yaytsa/moloko/prav-mol-moloko-past-1-5-pet-0-9l--310203;310203.0;http://www.perekrestok.ru/product/310203/preview-html;95,9;;;;;;Правильное Молоко;900;Нормализованное молоко;25;;
78;Молоко Простоквашино Топленое 3.2% 930мл;https://www.perekrestok.ru/catalog/moloko-syr-yaytsa/moloko/prostokv-moloko-toplenoe-3-2-930g--314023;314023.0;http://www.perekrestok.ru/product/314023/preview-html;84,9;;;;;;Простоквашино;930;Нормализованное молоко;12;;
79;Молоко Домик в деревне Топленое 3.2% 925мл;https://www.perekrestok.ru/catalog/moloko-syr-yaytsa/moloko/dom-v-der-moloko-topl-past-3-2-pet-950g--310798;310798.0;http://www.perekrestok.ru/product/310798/preview-html;95,9;;;;;;Домик в деревне;925;молоко нормализованное топленое;21;;
80;Молоко Большая Кружка ультрапастеризованное 5% 1.45л;https://www.perekrestok.ru/catalog/moloko-syr-yaytsa/moloko/bol-kruj-mol-ulpast-5-1450g--451906;451906.0;http://www.perekrestok.ru/product/451906/preview-html;145;;;;;;Большая Кружка;1450;Цельное молоко, сливки;180;;
81;Молоко козье G-balance пастеризованное 3.5-4.8% 500мл;https://www.perekrestok.ru/catalog/moloko-syr-yaytsa/moloko/g-bal-mol-koz-ts-p-3-5-4-8500ml--396452;396452.0;http://www.perekrestok.ru/product/396452/preview-html;189;;;;;;G-balance;500;Молоко козье натуральное (нормализованное, стерилизованное);89;;
82;Молоко Асеньевская Ферма Топленое 4% 900мл;https://www.perekrestok.ru/catalog/moloko-syr-yaytsa/moloko/asenev-ferma-moloko-topl-4-900ml--312993;312993.0;http://www.perekrestok.ru/product/312993/preview-html;95,9;;;;;;Асеньевская Ферма;900;Молоко цельное, сливки;10;;
83;Молоко Сарафаново пастеризованное 2.5% 930мл;https://www.perekrestok.ru/catalog/moloko-syr-yaytsa/moloko/sarafan-moloko-past-det-2-5-930ml--330540;330540.0;http://www.perekrestok.ru/product/330540/preview-html;64,9;;;;;;Сарафаново;930;Нормализованное молоко;21;;
84;Молоко детское Агуша с пребиотиками стерилизованное 2.5% 200мл;https://www.perekrestok.ru/catalog/moloko-syr-yaytsa/moloko/agusha-mol-det-ster-s-preb-2-5-200g--308436;308436.0;http://www.perekrestok.ru/product/308436/preview-html;31,9;;;;;;Агуша;200;Молоко нормализованное, пребиотик - лактулоза;90;;
85;Молоко Домик в деревне пастеризованное 2.5% 930мл;https://www.perekrestok.ru/catalog/moloko-syr-yaytsa/moloko/dom-v-der-moloko-past-2-5-930ml--310788;310788.0;http://www.perekrestok.ru/product/310788/preview-html;82,9;;;;;;Домик в деревне;930;Молоко нормализованное;15;;
86;Молоко Moloko Group Джерси пастеризованное 4.5-7% 1кг;https://www.perekrestok.ru/catalog/moloko-syr-yaytsa/moloko/moloko-mg-djersi-4-5-7-1000g--868736;868736.0;http://www.perekrestok.ru/product/868736/preview-html;149;;;;;;Moloko Group;;Цельное молоко от коров Джерсейской породы;9;;1000
87;Молоко Parmalat Natura Premium Low Lactose ультрапастеризованное 1.8% 200мл;https://www.perekrestok.ru/catalog/moloko-syr-yaytsa/moloko/parmal-moloko-low-lact-ulpast1-8-200ml--449600;449600.0;http://www.perekrestok.ru/product/449600/preview-html;31,9;;;;;;Parmalat;200;Нормализованное молоко;180;;
88;Молоко Домик в деревне Отборное пастеризованное 3.5-4.5% 1.4л;https://www.perekrestok.ru/catalog/moloko-syr-yaytsa/moloko/dom-v-der-moloko-past-3-7-pet-1400ml--310893;310893.0;http://www.perekrestok.ru/product/310893/preview-html;123,9;;;;;;Домик в деревне;1400;Цельное молоко;15;;
89;Молоко Маркет Зеленая линия пастеризованное 3.2-4% 900мл;https://www.perekrestok.ru/catalog/moloko-syr-yaytsa/moloko/z-lin-mol-3-2-but-900ml--482473;482473.0;http://www.perekrestok.ru/product/482473/preview-html;56;;;;;;Маркет Зеленая линия;900;Молоко цельное, молоко обезжиренное;5;;
90;Молоко Домик в деревне ультрапастеризованное 0.5% 923мл;https://www.perekrestok.ru/catalog/moloko-syr-yaytsa/moloko/dom-v-der-moloko-0-5-950g--306297;306297.0;http://www.perekrestok.ru/product/306297/preview-html;91,9;;;;;;Домик в деревне;923;Молоко обезжиренное, молоко цельное;270;;
91;Молоко Valio Eila ультрапастеризованное безлактозное 1.5% 250мл;https://www.perekrestok.ru/catalog/moloko-syr-yaytsa/moloko/valio-mol-eila-blakt1-5-250ml--432102;432102.0;http://www.perekrestok.ru/product/432102/preview-html;61,9;;;;;;;250;Нормализованное молоко, витамин D;120;Valio;
92;Молоко ВкусВилл 3.4-6% 1л;https://www.perekrestok.ru/catalog/moloko-syr-yaytsa/moloko/bzmj-vkvi-moloko-tsel-3-5-61l--720825;720825.0;http://www.perekrestok.ru/product/720825/preview-html;53;;;;;;ВкусВилл;1000;Молоко цельное;5;;
93;Молоко ВкусВилл 3.2% 1л;https://www.perekrestok.ru/catalog/moloko-syr-yaytsa/moloko/bzmj-vkusvill-moloko-3-2-1l--720821;720821.0;http://www.perekrestok.ru/product/720821/preview-html;50;;;;;;ВкусВилл;1000;Молоко нормализованное;5;;
94;Молоко ВкусВилл 3.2% 900мл;https://www.perekrestok.ru/catalog/moloko-syr-yaytsa/moloko/bzmj-vkvill-mol-3-2-v-but-0-9l--720828;720828.0;http://www.perekrestok.ru/product/720828/preview-html;56;;;;;;ВкусВилл;900;Молоко цельное, молоко обезжиренное;6;;
95;Молоко Parmalat пастеризованное 2.5% 1л;https://www.perekrestok.ru/catalog/moloko-syr-yaytsa/moloko/parmal-moloko-past-2-5-pet-1l--314330;314330.0;http://www.perekrestok.ru/product/314330/preview-html;81,9;;;;;;Parmalat;1000;Нормализованное молоко;10;;
96;Молоко Николаевская ферма Отборное пастеризованное 3.4-5% 1л;https://www.perekrestok.ru/catalog/moloko-syr-yaytsa/moloko/nik-fer-mol-otbor-3-4-5-1000ml--439201;439201.0;http://www.perekrestok.ru/product/439201/preview-html;119;;;;;;;1000;Молоко цельное;8;Николаевская ферма;
97;Молоко Домик в деревне пастеризованное 2.5% 1.4л;https://www.perekrestok.ru/catalog/moloko-syr-yaytsa/moloko/dom-v-der-moloko-past-2-5-pet-1400ml--310894;310894.0;http://www.perekrestok.ru/product/310894/preview-html;119;;;;;;Домик в деревне;1400;Молок нормализованное;15;;
98;Молоко Киржачский МЗ Отборное пастеризованное 3.4-6% 930мл;https://www.perekrestok.ru/catalog/moloko-syr-yaytsa/moloko/kirj-mz-moloko-pit-otb-past-3-4-6-930g--310579;310579.0;http://www.perekrestok.ru/product/310579/preview-html;91,9;;;;;;;930;Молоко коровье;10;Киржачский МЗ;
99;Молоко Домик в деревне ультрапастеризованное 3.5% 925мл;https://www.perekrestok.ru/catalog/moloko-syr-yaytsa/moloko/dom-v-der-moloko-3-5-950g--306295;306295.0;http://www.perekrestok.ru/product/306295/preview-html;109,9;;;;;;Домик в деревне;925;Молоко цельное, сливки;270;;
100;Молоко Большая Кружка ультрапастеризованное 3.2% 1.98кг;https://www.perekrestok.ru/catalog/moloko-syr-yaytsa/moloko/bol-krujka-moloko-ulpast-3-2-1980g--508952;508952.0;http://www.perekrestok.ru/product/508952/preview-html;119,9;;;;;;Большая Кружка;;Цельное молоко, обезжиренное молоко;180;;
101;Молоко ВкусВилл Топленое 4% 500мл;https://www.perekrestok.ru/catalog/moloko-syr-yaytsa/moloko/bzmj-vkusvillmoloko-topl4-500g--720842;720842.0;http://www.perekrestok.ru/product/720842/preview-html;58;;;;;;ВкусВилл;500;Молоко нормализованное;6;;
102;Молоко ВкусВилл Безлактозное 3.5-4.5% 500г;https://www.perekrestok.ru/catalog/moloko-syr-yaytsa/moloko/bzmj-vkvi-mol-blak3-5-4-5500g--720846;720846.0;http://www.perekrestok.ru/product/720846/preview-html;65;;;;;;ВкусВилл;;Молоко нормализованное;8;;500
103;Молоко Из Углича пастеризованное 2.5% 1кг;https://www.perekrestok.ru/catalog/moloko-syr-yaytsa/moloko/iz-uglicha-moloko-past-2-5-1l--452307;452307.0;http://www.perekrestok.ru/product/452307/preview-html;77,9;;;;;;;;Изготовлено из нормализованного пастеризованного молока;6;АгриВолга;1000
104;Молоко козье Ешь Деревенское от Максима Селиванова пастеризованное 2.8-5.6% 500мл;https://www.perekrestok.ru/catalog/moloko-syr-yaytsa/moloko/moloko-tselnoe-pitevoe-pasterizovannoe-koze-massovaya-dolya-jira-2-8-5-6-500-g--691998;691998.0;http://www.perekrestok.ru/product/691998/preview-html;125;;;;;;Ешь Деревенское;500;Молоко цельное козье;5;;
105;Молоко козье Ешь Деревенское от Максима Селиванова пастеризованное 2.8-5.6% 1кг;https://www.perekrestok.ru/catalog/moloko-syr-yaytsa/moloko/moloko-tselnoe-pitevoe-pasterizovannoe-koze-massovaya-dolya-jira-2-8-5-6-1000-g--691999;691999.0;http://www.perekrestok.ru/product/691999/preview-html;215;;;;;;Ешь Деревенское;;Молоко цельное козье;5;;1000
106;Молоко Белый город ультрапастеризованное 1.5% 1л;https://www.perekrestok.ru/catalog/moloko-syr-yaytsa/moloko/bel-gor-mol-pit-ulpast-1-5-1l--559779;559779.0;http://www.perekrestok.ru/product/559779/preview-html;69,9;;;;;;Белый город;1000;Нормализованное молоко;210;;
107;Молоко Ешь Деревенское от Максима Селиванова пастеризованное 3-6% 1л;https://www.perekrestok.ru/catalog/moloko-syr-yaytsa/moloko/moloko-pitevoe-pasterizovannoe-massovaya-dolya-jira-3-0-6-0-1000-g--692001;692001.0;http://www.perekrestok.ru/product/692001/preview-html;100;;;;;;Ешь Деревенское;1000;Молоко цельное;5;;
108;Молоко Ешь Деревенское от Максима Селиванова пастеризованное 3-6% 500мл;https://www.perekrestok.ru/catalog/moloko-syr-yaytsa/moloko/moloko-pitevoe-pasterizovannoe-massovaya-dolya-jira-3-0-6-0-500-g--692000;692000.0;http://www.perekrestok.ru/product/692000/preview-html;60;;;;;;Ешь Деревенское;500;Молоко цельное;5;;
109;Молоко Можайское стерилизованное 3.2% 450мл;https://www.perekrestok.ru/catalog/moloko-syr-yaytsa/moloko/mojayskoe-moloko-ster-3-2-0-45l--307122;307122.0;http://www.perekrestok.ru/product/307122/preview-html;84,9;;;;;;;450;Молоко нормализованное;180;Можайское;
110;Молоко Домик в деревне Топленое 3.2% 925мл;https://www.perekrestok.ru/catalog/moloko-syr-yaytsa/moloko/d-v-d-mol-topl-3-2-950g--332545;332545.0;http://www.perekrestok.ru/product/332545/preview-html;114,9;;;;;;Домик в деревне;925;молоко нормализованное топленое;180;;
111;Молоко детское Тема обогащенное ультрапастеризованное 3.2% 200мл;https://www.perekrestok.ru/catalog/moloko-syr-yaytsa/moloko/tema-mol-ulpast-obog-3-2200ml--336842;336842.0;http://www.perekrestok.ru/product/336842/preview-html;29,9;;;;;;Тема;200;"Нормализованное молоко, премикс витаминно-минеральный (витамины – C, B1, фолиевая кислота, D3; минеральные вещества – железо, цинк, йод)";180;;
112;Молоко Ешь Деревенское от Валентина Рошки пастеризованное 3.2-6% 930г;https://www.perekrestok.ru/catalog/moloko-syr-yaytsa/moloko/moloko-pitevoe-pasterizovannoe-massovaya-dolya-jira-3-2-6-staritskaya-ferma930-g--691987;691987.0;http://www.perekrestok.ru/product/691987/preview-html;85;;;;;;Ешь Деревенское;930;Молоко цельное;5;;
113;Молоко Рузское пастеризованное 2.5% 1кг;https://www.perekrestok.ru/catalog/moloko-syr-yaytsa/moloko/ruz-mol-moloko-2-5-1000g--307138;307138.0;http://www.perekrestok.ru/product/307138/preview-html;119;;;;;;;;Молоко цельное, молоко обезжиренное;10;Рузское молоко;1000
114;Молоко Рузское пастеризованное 1.5% 1кг;https://www.perekrestok.ru/catalog/moloko-syr-yaytsa/moloko/moloko-ruzskoe-1-5-1l--482788;482788.0;http://www.perekrestok.ru/product/482788/preview-html;111,9;;;;;;;;Молоко нормализованное;7;Рузское молоко;1000
115;Молоко детское Тема ультрапастеризованное 3.2% 200мл;https://www.perekrestok.ru/catalog/moloko-syr-yaytsa/moloko/tema-moloko-ulpast-detskoe-3-2-200ml--306128;306128.0;http://www.perekrestok.ru/product/306128/preview-html;30,9;;;;;;Тема;200;Нормализованное молоко;180;;
116;Молоко ВкусВилл 1% 450мл;https://www.perekrestok.ru/catalog/moloko-syr-yaytsa/moloko/bzmj-vkusvill-moloko-1-450g--720838;720838.0;http://www.perekrestok.ru/product/720838/preview-html;37;;;;;;ВкусВилл;450;Молоко цельное, молоко обезжиренное;6;;
117;Молоко Рузское топленное 2.5% 500г;https://www.perekrestok.ru/catalog/moloko-syr-yaytsa/moloko/moloko-toplennoe-ruzskoe-500g--845823;845823.0;http://www.perekrestok.ru/product/845823/preview-html;75,9;;;;;;;;Молоко цельное, молоко обежиренное;9;Рузское молоко;500
118;Молоко Parmalat Отборное пастеризованное 3.4-6% 1л;https://www.perekrestok.ru/catalog/moloko-syr-yaytsa/moloko/parmal-moloko-past-otborn-pet-1l--313964;313964.0;http://www.perekrestok.ru/product/313964/preview-html;;;;;;;Parmalat;1000;Цельное молоко;9;;
119;Молоко Parmalat Natura Premium ультрапастеризованное 3.5% 200мл;https://www.perekrestok.ru/catalog/moloko-syr-yaytsa/moloko/parm-mol-pit-ulster-3-5-200ml--336965;336965.0;http://www.perekrestok.ru/product/336965/preview-html;;;;;;;Parmalat;200;Нормализованное молоко;180;;
120;Молоко Из Углича Топленое 3.6-4.2% 500г;https://www.perekrestok.ru/catalog/moloko-syr-yaytsa/moloko/iz-uglicha-moloko-toplenoe-3-6-5-2-500g--452306;452306.0;http://www.perekrestok.ru/product/452306/preview-html;;;;;;;;500;Изготовлено из цельного молока;9;АгриВолга;
121;Молоко Вкуснотеево ультрапастеризованное 3.2% 900мл;https://www.perekrestok.ru/catalog/moloko-syr-yaytsa/moloko/vkusnot-moloko-ulpast-3-2-pet-900g--306725;306725.0;http://www.perekrestok.ru/product/306725/preview-html;;;;;;;Вкуснотеево;900;Изготовлено из цельного молока, молока обезжиренного;120;;
122;Молоко Нашей Дойки пастеризованное 3.4-6% 1л;https://www.perekrestok.ru/catalog/moloko-syr-yaytsa/moloko/nash-doyki-moloko-past-3-4-6-but-1l--310105;310105.0;http://www.perekrestok.ru/product/310105/preview-html;;;;;;;Шестаково;1000;Молоко цельное;7;;
123;Молоко Авида ультрапастеризованное 3.2% 1л;https://www.perekrestok.ru/catalog/moloko-syr-yaytsa/moloko/avida-moloko-ulpast-3-2-1l--353241;353241.0;http://www.perekrestok.ru/product/353241/preview-html;;;;;;;Авида;1000;Изготовлен из нормализованного молока;180;;
124;Молоко Маркет Зеленая линия цельное отборное пастеризованное 3.2-6% 1л;https://www.perekrestok.ru/catalog/moloko-syr-yaytsa/moloko/z-lin-mol-tsel-otb-3-4-6-1000ml--482954;482954.0;http://www.perekrestok.ru/product/482954/preview-html;53;;;;;;Маркет Зеленая линия;1000;Молоко коровье цельное;5;;
125;Молоко Valio ультрапастеризованное 2.5% 973мл;https://www.perekrestok.ru/catalog/moloko-syr-yaytsa/moloko/valio-moloko-uht-2-5-1kg--336588;336588.0;http://www.perekrestok.ru/product/336588/preview-html;;;;;;;;973;Обезжиренное молоко, цельное молоко;120;Valio;1000
126;Молоко Молочное царство пастеризованное 3.2% 900мл;https://www.perekrestok.ru/catalog/moloko-syr-yaytsa/moloko/mol-tsar-moloko-past-3-2-fp-900g--308464;308464.0;http://www.perekrestok.ru/product/308464/preview-html;;;;;;;Молочное царство;900;Нормализованное молоко;7;;
127;Молоко Село Зеленое пастеризованное 3.2% 1.947л;https://www.perekrestok.ru/catalog/moloko-syr-yaytsa/moloko/selo-zel-moloko-3-2-pet-2kg--306074;306074.0;http://www.perekrestok.ru/product/306074/preview-html;;;;;;;Село Зеленое;1947;Молоко цельное, молоко обезжиренное;12;;
128;Молоко Молочная речка ультрапастеризованное 3.2% 973мл;https://www.perekrestok.ru/catalog/moloko-syr-yaytsa/moloko/sarap-moloko-mol-rechka-ster-3-2-1l--308045;308045.0;http://www.perekrestok.ru/product/308045/preview-html;;;;;;;Молочная речка;973;Молоко цельное, молоко обезжиренное;210;;
129;Молоко Утренней Дойки пастеризованное 3.4-6% 1л;https://www.perekrestok.ru/catalog/moloko-syr-yaytsa/moloko/utren-doyka-moloko-past-3-4-6-1l--310106;310106.0;http://www.perekrestok.ru/product/310106/preview-html;;;;;;;;1000;Молоко коровье цельное натуральное;7;Шестаково;
130;Молоко 36 Копеек пастеризованное 3.2% 873мл;https://www.perekrestok.ru/catalog/moloko-syr-yaytsa/moloko/36-kop-moloko-past-3-2-kart-873ml--306096;306096.0;http://www.perekrestok.ru/product/306096/preview-html;;;;;;;36 Копеек;873;Молоко нормализованное по содержанию жира;8;;
131;Молоко Moloko Group пастеризованное 4-5% 1кг;https://www.perekrestok.ru/catalog/moloko-syr-yaytsa/moloko/moloko-moloko-grupp-4-5-1000g--868735;868735.0;http://www.perekrestok.ru/product/868735/preview-html;;;;;;;Moloko Group;;Цельное молоко от коров Красной скандинавской породы;9;;1000
132;Молоко Николаевская ферма пастеризованное 2.5% 1л;https://www.perekrestok.ru/catalog/moloko-syr-yaytsa/moloko/nik-fer-mol-past-2-5-1000ml--439202;439202.0;http://www.perekrestok.ru/product/439202/preview-html;;;;;;;;1000;Молоко нормализованное;8;Николаевская ферма;
133;Крем для рук Бархатные Ручки Магия тиаре 80мл;https://www.perekrestok.ru/catalog/krasota-gigiena-bytovaya-himiya/uhod-za-kojey/sredstva-dlya-ruk/barhatnye-ruchki-krem-magiya-tiare-80ml--373573;373573.0;http://www.perekrestok.ru/product/373573/preview-html;109,9;;;;;;Бархатные Ручки;80;Aqua, Glycerin, Cyclopentasiloxane, Caprylic/Capric Triglyceride, Zea Mays (Corn) Oil, Cetearyl Alcohol, Sorbitan Stearate, Stearic Acid, Palmitic Acid, Cocos Nucifera Oil, Gardenia Tahitensis Flower Extract (био-масло цветов тиаре), Creatine, Rosa Canina Fruit Extract (органический экстракт шиповника), Bisabolol, Zingiber Officinale (Ginger) Root Extract, Tocopheryl Acetate, Dimethicone, Sucrose Cocoate, PEG/PPG-18/18 Dimethicone, Potassium Cetyl Phosphate, Trideceth-6, Sodium Polyacrylate, Disodium EDTA, Parfum, DMDM Hydantoin, Methylparaben, Ethylparaben, Citral;2;;
134;Нектар ФрутоНяня Тыква с мякотью 200мл;https://www.perekrestok.ru/catalog/tovary-dlya-mam-i-detey/detskoe-pitanie/detskie-soki-chay-voda/frutonyanya-nektar-tykven-s-myakotyu-0-2l--305744;305744.0;http://www.perekrestok.ru/product/305744/preview-html;23,9;;;;;;ФрутоНяня;0.2;Пюре из тыквы, сахар, регулятор кислотности - кислота лимонная, вода.;365;;
135;Томаты;https://www.perekrestok.ru/catalog/ovoschi-frukty-griby/ovoschi/tomaty-1kg--303678;303678.0;http://www.perekrestok.ru/product/303678/preview-html;129,90  /кг;;;;;;;;;9;;
136;Колбаса Велком Салями Милано + Чоризо + Салями Фелино сыровяленая сухая 150г;https://www.perekrestok.ru/catalog/myaso-ptitsa-delikatesy/kolbasy-vetchina/nab-sv-milano-choriz-fel-150g-n--943399;943399.0;http://www.perekrestok.ru/product/943399/preview-html;159;;;;;;;;"Салями ""Милано""- свинина, говядина, шпик, сахар, чеснок, орех мускат, соль нитритная (соль, фиксатор окраски нитрит натрия), антиокислитель изоаскорбат натрия, ""Чоризо""- свинина, говядина, молоко сухое, сахар, клетчатка пищевая, паприка, чеснок, орех мускатный, соль нитритная (соль, фиксатор окраски нитрит натрия), антиокислитель изоаскорбат натрия. Салями «Фелино"" - свинина, шпик, сахар, белок животный, перец, чеснок, орех мускатный, клетчатка пищевая, соль нитритная (соль, фиксатор окраски нитрит натрия), антиокислитель аскорбат натрия";45;Велком;0.15
137;Виски Jack Daniel’s Old No.7 Tennessee 40% 3л;https://www.perekrestok.ru/catalog/alkogol/viski-burbon/viskidjek-den-ten-40na-kach3-0l--388160;388160.0;http://www.perekrestok.ru/product/388160/preview-html;6999;;;;;;Jack Daniels;3;;27;;
138;Вино Anjou Rouge красное сухое 9-13% 0.75л;https://www.perekrestok.ru/catalog/alkogol/vino/vino-anjujozverde-k-s-0-75l--337891;337891.0;http://www.perekrestok.ru/product/337891/preview-html;799;;;;;;Anjou;0.75;;27;;
139;Вино La Gerla Brunello di Montalcino красное сухое 14% 0.75л;https://www.perekrestok.ru/catalog/alkogol/vino/vin-l-gerla-brunel-di-mont0-75--344507;344507.0;http://www.perekrestok.ru/product/344507/preview-html;4699;;;;;;La Gerla;0.75;;27;;
140;Маслины ПРОСТО с косточкой 280г;https://www.perekrestok.ru/catalog/konservy-orehi-sousy/ovoschnye-konservy/prst-masliny-chernye-sk-280g--312398;312398.0;http://www.perekrestok.ru/product/312398/preview-html;45,9;;;;;;ПРОСТО;;Вода питьевая, оливки, соль, фиксатор окраски: глюконат железа;1460;;280
141;Смесь Агуша 2 Кисломолочная последующая 3.4% 200мл;https://www.perekrestok.ru/catalog/tovary-dlya-mam-i-detey/detskoe-pitanie/detskie-molochnye-produkty/ag-2-smes-kislomol-posl-adapt-3-4204ml--306994;306994.0;http://www.perekrestok.ru/product/306994/preview-html;32,9;;;;;;Агуша;0.2;Вода, молоко цельное, лактоза, фруктоза, сливки, смесь растительных масел (соевое масло, низкоэруковое рапсовое масло, высокоолеиновое подсолнечное масло, пальмовый олеин, кокосовое масло, кукурузное масло), мальтодекстрин, концентрат белка молочной сыворотки, минеральный премикс, витаминный премикс, бифидоацидофильная закваска, нуклеотиды;14;;
142;Набор пирожных Бисквит Эклеры 5шт 300г;https://www.perekrestok.ru/catalog/hleb-sladosti-sneki/torty-pirojnye/nab-piroj-ekler-300g--326049;326049.0;http://www.perekrestok.ru/product/326049/preview-html;329;;;;;;;;Вода питьевая, яйца, глазурь сахарная (сахар, глюкозный сироп, вода питьевая), сливки натуральные 35%, сливочное масло 72.5%, мука высшего сорта, сыр Маскарпоне (молоко, сливки, лактоза, регулятор кислотности – лимонная кислота, антиоксидант – экстракт розмарина), сгущенное молоко (молоко, сахар), сахар, молоко 3.2%, карамель (сахар, вода), пудра сахарная, черника, мед, шоколадная глазурь, натуральный какао-порошок, глюкозный сироп, кукурузный крахмал, соль, желатин, ароматизатор натуральный – ванилин, шоколадный декор – (шарики), консервант –сорбиновая кислота, посыпки кондитерские декоративные, красители пищевые натуральные – антоциан, кармин, экстракт куркумы;5;Бисквит;300
0;;;;;;http://www.perekrestok.ru/product/306634/preview-html;Parmalat;1000.0;Нормализованное молоко;210;;;;;;
0;;;;;;http://www.perekrestok.ru/product/309202/preview-html;Домик в деревне;925.0;Молоко нормализованное;270;;;;;;
0;;;;;;http://www.perekrestok.ru/product/306634/preview-html;Parmalat;1000.0;Нормализованное молоко;210;;;;;;
0;;;;;;http://www.perekrestok.ru/product/309202/preview-html;Домик в деревне;925.0;Молоко нормализованное;270;;;;;;
